kind,method,bias_z,bias_z_orig,row_cos,row_norm_ratio,bias_restore_forget_acc,row_restore_forget_acc,shift_recall,shift_fpr,shift_recall_fpr1,shift_fpr_fpr1,shift_recall_fpr5,shift_fpr_fpr5
aba,FT,-2.9968313694000246,0.03219163591663043,0.9666636149088542,0.7680759827295939,0.0,0.10266666462024053,0.6773333191871643,0.05227609525124232,0.3752381940682729,0.01013438832014799,0.65588884751002,0.051021366566419604
aba,NegGrad+,-14.709410031636557,0.03219163591663043,0.5396692792574564,2.49989808400472,0.0,0.0006666666517655055,0.0,0.028801347439487774,0.0,0.009972151089459657,0.0,0.04879672850171725
aba,RL,-8.851058514912923,0.03219163591663043,0.9693246920903523,0.9155900518099467,0.0,0.001333333303531011,0.8986666520436605,0.025407408302028974,0.8101957082748413,0.010471164931853611,0.9402445912361145,0.052139484385649366
aba,SCRUB,-9.92394143740336,0.03219163591663043,0.8060788194338481,1.2627492547035217,0.03733333225051562,0.34266666459540523,0.7366666515668233,0.03639730773866177,0.5860443711280823,0.010941875663896402,0.7846022705237071,0.05327188149094582
aba,SalUn,-4.8535046418507894,0.03219163591663043,0.9798964738845826,0.938726278146108,0.0,0.0,0.9039999842643738,0.023636364253858726,0.8233729322751363,0.010524846489230792,0.9579639673233032,0.05204564183950424
mctx,FT,-3.1385457515716553,0.03219163591663043,0.96535325050354,0.7647795597712199,0.0006666666517655055,0.2539999937017759,0.8759999752044678,0.06686195383469264,0.611017241080602,0.01114526872212688,0.804434068997701,0.050119518488645556
mctx,NegGrad+,-14.333056894938151,0.03219163591663043,0.515661503871282,2.54264866511027,0.0,0.0,0.001333333303531011,0.048632998516162235,0.0,0.010107321292161941,0.0,0.049267861247062686
mctx,RL,-9.212211100260417,0.03219163591663043,0.9648390690485636,0.895122214158376,0.0,0.0,0.953333310286204,0.03638383932411671,0.8590031067530314,0.010444122863312562,0.9577168663342793,0.05088584820429484
mctx,SCRUB,-13.750554466247559,0.03219163591663043,0.7363822142283122,1.3782123804092408,0.0,0.1693333278099696,0.7353333155314128,0.035037038226922355,0.5417659938335418,0.01029528013120095,0.7678754130999247,0.05153255487481753
mctx,SalUn,-4.923480908075969,0.03219163591663043,0.978617254892985,0.9238943974177043,0.0,0.0,0.931333315372467,0.02783838448425134,0.841756272315979,0.010929357819259166,0.968926731745402,0.04883858636021614
original,original,-0.1471424646753197,-0.1471424646753197,1.000000007947286,1.0,0.7336666504542033,0.7336666504542033,0.9723333060741425,0.06822895854711533,0.8721322476863861,0.01008623312227428,0.9629633982976278,0.050236252571145695
retrain,retrain,-1.5558655818303426,-0.1471424646753197,0.24675210217634838,0.12793679932753246,0.0,0.0,0.3756666590770086,0.20065657198429107,0.01949934133638938,0.009230274908865492,0.09188115764409303,0.04923797970016797
unl,FT,-2.3361577817371915,0.09308498706446872,0.983381313937051,0.7574012052445185,0.0009523809310935793,0.2871428503699246,0.9119047409012204,0.11815777137165978,0.5668889653115046,0.00968271955138161,0.7947879490398225,0.049000999402432216
unl,NegGrad+,-13.145184008280436,-0.1471424646753197,0.4988085796435674,2.940138840675354,0.0,0.0029999999329447745,0.004666666562358538,0.07500000248352687,0.0,0.00950653365192314,0.0026697471116979917,0.04957409737010797
unl,RL,-10.123251644770304,-0.1471424646753197,0.9502009908358257,0.8745692054430644,0.0,0.0,0.9623333056767781,0.08340067565441131,0.8721358358860016,0.010234379985680183,0.9503645360469818,0.04995914002259572
unl,SCRUB,-24.7880002339681,-0.1471424646753197,0.5117240776618321,2.0653406143188477,0.0,0.2783333267395695,0.665999980767568,0.037589226538936295,0.5040309761961301,0.010476934816688299,0.6961428493261337,0.052082219471534096
unl,SalUn,-5.208436671892802,-0.1471424646753197,0.969800720612208,0.9067295769850413,0.0,0.0,0.9569999794165294,0.05663973279297352,0.8748407264550527,0.010524136728296678,0.9578373630841573,0.049480748797456425
