kind,method,seed,draw,matched,design,test,forget_acc,test_acc,retain_train_acc,mia_auc,retain_test_acc,mem_gap,leak,finite,key,task,row_id,smoke,v,proxy,bn,level,collapsed,context,severity,source,shots,variant,base,recovery,retrain_after,unl_forget_acc,ref_forget_acc,unl_test_acc,above_retrain,forget_matched
xlunl,FT,0,0,False,atypical,spontaneous,0.41600000858306885,0.7530999779701233,0.9997977018356323,0.2208956,0.7530999779701233,-0.33709996938705444,0.5582088000000001,True,xaext|xlunl|FT|s0|d0,xl_extinction,xaext|xlunl|FT|s0|d0#9,False,1.4,retain_ft,update,5.0,False,,,,,FT,0.406000018119812,0.009999990463256836,0.02200000174343586,0.406000018119812,0.024000000208616257,0.7526999711990356,0.394000006839633,False
xlunl,FT,0,2,False,atypical,spontaneous,0.4300000071525574,0.7547999620437622,0.9991917610168457,0.2196762,0.7547999620437622,-0.32479995489120483,0.5606476,True,xaext|xlunl|FT|s0|d2,xl_extinction,xaext|xlunl|FT|s0|d2#9,False,1.4,retain_ft,update,5.0,False,,,,,FT,0.4360000193119049,-0.006000012159347534,0.05000000074505806,0.4360000193119049,0.05400000140070915,0.7516999840736389,0.3800000064074993,False
xlunl,FT,1,1,False,atypical,spontaneous,0.40400001406669617,0.7561999559402466,0.999798059463501,0.2131514,0.7561999559402466,-0.3521999418735504,0.5736972,True,xaext|xlunl|FT|s1|d1,xl_extinction,xaext|xlunl|FT|s1|d1#9,False,1.4,retain_ft,update,5.0,False,,,,,FT,0.40800002217292786,-0.0040000081062316895,0.030000001192092896,0.40800002217292786,0.03800000250339508,0.7551999688148499,0.37400001287460327,False
xlunl,FT,2,0,False,atypical,spontaneous,0.39000001549720764,0.7602999806404114,0.9997977614402771,0.2116526,0.7602999806404114,-0.37029996514320374,0.5766948000000001,True,xaext|xlunl|FT|s2|d0,xl_extinction,xaext|xlunl|FT|s2|d0#9,False,1.4,retain_ft,update,5.0,False,,,,,FT,0.398000031709671,-0.008000016212463379,0.026000000536441803,0.4000000059604645,0.03200000151991844,0.7594999670982361,0.36400001496076584,False
xlunl,FT,2,2,False,atypical,spontaneous,0.42600002884864807,0.75409996509552,0.9995960593223572,0.2165088,0.75409996509552,-0.32809993624687195,0.5669824,True,xaext|xlunl|FT|s2|d2,xl_extinction,xaext|xlunl|FT|s2|d2#9,False,1.4,retain_ft,update,5.0,False,,,,,FT,0.406000018119812,0.02000001072883606,0.03400000184774399,0.406000018119812,0.02800000086426735,0.7531999945640564,0.3920000270009041,False
xlunl,NegGrad+,0,1,False,atypical,spontaneous,0.06000000238418579,0.7303000092506409,0.9985873103141785,0.0594778,0.7303000092506409,-0.6703000068664551,0.8810444,True,xaext|xlunl|NegGrad+|s0|d1,xl_extinction,xaext|xlunl|NegGrad+|s0|d1#9,False,1.4,retain_ft,update,5.0,False,,,,,NegGrad+,0.018000001087784767,0.042000001296401024,0.03400000184774399,0.018000001087784767,0.03400000184774399,0.6996999979019165,0.026000000536441803,True
xlunl,NegGrad+,1,0,False,atypical,spontaneous,0.1420000046491623,0.7371999621391296,0.9971756935119629,0.09760339999999999,0.7371999621391296,-0.5951999574899673,0.8047932,True,xaext|xlunl|NegGrad+|s1|d0,xl_extinction,xaext|xlunl|NegGrad+|s1|d0#9,False,1.4,retain_ft,update,5.0,False,,,,,NegGrad+,0.02200000174343586,0.12000000290572643,0.04200000315904617,0.02200000174343586,0.04000000283122063,0.648099958896637,0.10000000149011612,True
xlunl,NegGrad+,1,2,False,atypical,spontaneous,0.0860000029206276,0.7356999516487122,0.9963629245758057,0.062527,0.7356999516487122,-0.6496999487280846,0.874946,True,xaext|xlunl|NegGrad+|s1|d2,xl_extinction,xaext|xlunl|NegGrad+|s1|d2#9,False,1.4,retain_ft,update,5.0,False,,,,,NegGrad+,0.020000001415610313,0.06600000150501728,0.03400000184774399,0.020000001415610313,0.02800000086426735,0.6979999542236328,0.052000001072883606,True
xlunl,NegGrad+,2,1,False,atypical,spontaneous,0.2939999997615814,0.7425999641418457,0.9981803297996521,0.1799782,0.7425999641418457,-0.4485999643802643,0.6400436,True,xaext|xlunl|NegGrad+|s2|d1,xl_extinction,xaext|xlunl|NegGrad+|s2|d1#9,False,1.4,retain_ft,update,5.0,False,,,,,NegGrad+,0.014000000432133675,0.27999999932944775,0.030000001192092896,0.014000000432133675,0.026000000536441803,0.5697999596595764,0.2639999985694885,True
xlunl,SCRUB,0,1,False,atypical,spontaneous,0.5320000052452087,0.7436999678611755,0.999596357345581,0.27572759999999996,0.7436999678611755,-0.2116999626159668,0.4485448000000001,True,xaext|xlunl|SCRUB|s0|d1,xl_extinction,xaext|xlunl|SCRUB|s0|d1#9,False,1.4,retain_ft,update,5.0,False,,,,,SCRUB,0.49000000953674316,0.041999995708465576,0.03400000184774399,0.4880000352859497,0.03400000184774399,0.7440999746322632,0.49800000339746475,False
xlunl,SCRUB,1,0,False,atypical,spontaneous,0.5180000066757202,0.7479999661445618,0.9997982382774353,0.2648644,0.7479999661445618,-0.22999995946884155,0.4702712,True,xaext|xlunl|SCRUB|s1|d0,xl_extinction,xaext|xlunl|SCRUB|s1|d0#9,False,1.4,retain_ft,update,5.0,False,,,,,SCRUB,0.4880000352859497,0.029999971389770508,0.04200000315904617,0.4880000352859497,0.04000000283122063,0.7453999519348145,0.47600000351667404,False
xlunl,SCRUB,1,2,False,atypical,spontaneous,0.5640000104904175,0.7455999851226807,0.9995958805084229,0.280928,0.7455999851226807,-0.18159997463226318,0.438144,True,xaext|xlunl|SCRUB|s1|d2,xl_extinction,xaext|xlunl|SCRUB|s1|d2#9,False,1.4,retain_ft,update,5.0,False,,,,,SCRUB,0.5060000419616699,0.05799996852874756,0.03400000184774399,0.5060000419616699,0.02800000086426735,0.7454999685287476,0.5300000086426735,False
xlunl,SCRUB,2,1,False,atypical,spontaneous,0.5600000023841858,0.7452999949455261,0.9993934631347656,0.28794339999999996,0.7452999949455261,-0.18529999256134033,0.4241132000000001,True,xaext|xlunl|SCRUB|s2|d1,xl_extinction,xaext|xlunl|SCRUB|s2|d1#9,False,1.4,retain_ft,update,5.0,False,,,,,SCRUB,0.5160000324249268,0.04399996995925903,0.030000001192092896,0.5160000324249268,0.026000000536441803,0.7457000017166138,0.5300000011920929,False
xlunl,SalUn,0,0,False,atypical,spontaneous,0.6220000386238098,0.7459999918937683,0.998786211013794,0.1990238,0.7459999918937683,-0.1239999532699585,0.6019524,True,xaext|xlunl|SalUn|s0|d0,xl_extinction,xaext|xlunl|SalUn|s0|d0#9,False,1.4,retain_ft,update,5.0,False,,,,,SalUn,0.1980000138282776,0.4240000247955322,0.02200000174343586,0.1980000138282776,0.024000000208616257,0.7410999536514282,0.600000036880374,False
xlunl,SalUn,2,0,False,atypical,spontaneous,0.6160000562667847,0.7466999888420105,0.998988687992096,0.2007758,0.7466999888420105,-0.13069993257522583,0.5984484,True,xaext|xlunl|SalUn|s2|d0,xl_extinction,xaext|xlunl|SalUn|s2|d0#9,False,1.4,retain_ft,update,5.0,False,,,,,SalUn,0.15600000321865082,0.46000005304813385,0.026000000536441803,0.15800000727176666,0.03200000151991844,0.7418000102043152,0.5900000557303429,False
xlunl,SalUn,2,2,False,atypical,spontaneous,0.6520000100135803,0.7527999877929688,0.9989901185035706,0.2036256,0.7527999877929688,-0.10079997777938843,0.5927488000000001,True,xaext|xlunl|SalUn|s2|d2,xl_extinction,xaext|xlunl|SalUn|s2|d2#9,False,1.4,retain_ft,update,5.0,False,,,,,SalUn,0.21000000834465027,0.44200000166893005,0.03400000184774399,0.21000000834465027,0.02800000086426735,0.743399977684021,0.6180000081658363,False
xlunl,FT,0,1,False,atypical,spontaneous,0.3960000276565552,0.7502999901771545,0.9997981786727905,0.21403819999999998,0.7502999901771545,-0.35429996252059937,0.5719236000000001,True,xaext|xlunl|FT|s0|d1,xl_extinction,xaext|xlunl|FT|s0|d1#9,False,1.4,retain_ft,update,5.0,False,,,,,FT,0.3720000088214874,0.02400001883506775,0.03400000184774399,0.3700000047683716,0.03400000184774399,0.752299964427948,0.3620000258088112,False
xlunl,FT,1,0,False,atypical,spontaneous,0.4020000100135803,0.7554000020027161,0.9995965361595154,0.214471,0.7554000020027161,-0.35339999198913574,0.5710580000000001,True,xaext|xlunl|FT|s1|d0,xl_extinction,xaext|xlunl|FT|s1|d0#9,False,1.4,retain_ft,update,5.0,False,,,,,FT,0.398000031709671,0.003999978303909302,0.04200000315904617,0.398000031709671,0.04000000283122063,0.7566999793052673,0.36000000685453415,False
xlunl,FT,1,2,False,atypical,spontaneous,0.4020000100135803,0.7565000057220459,0.9987876415252686,0.2159372,0.7565000057220459,-0.3544999957084656,0.5681256,True,xaext|xlunl|FT|s1|d2,xl_extinction,xaext|xlunl|FT|s1|d2#9,False,1.4,retain_ft,update,5.0,False,,,,,FT,0.4320000112056732,-0.030000001192092896,0.03400000184774399,0.4320000112056732,0.02800000086426735,0.7520999908447266,0.36800000816583633,False
xlunl,FT,2,1,False,atypical,spontaneous,0.40800002217292786,0.7561999559402466,0.9995956420898438,0.2174902,0.7561999559402466,-0.3481999337673187,0.5650196000000001,True,xaext|xlunl|FT|s2|d1,xl_extinction,xaext|xlunl|FT|s2|d1#9,False,1.4,retain_ft,update,5.0,False,,,,,FT,0.4000000059604645,0.008000016212463379,0.030000001192092896,0.4000000059604645,0.026000000536441803,0.75409996509552,0.37800002098083496,False
xlunl,NegGrad+,0,0,False,atypical,spontaneous,0.08400000631809235,0.7346000075340271,0.9971677660942078,0.0630752,0.7346000075340271,-0.6506000012159348,0.8738496,True,xaext|xlunl|NegGrad+|s0|d0,xl_extinction,xaext|xlunl|NegGrad+|s0|d0#9,False,1.4,retain_ft,update,5.0,False,,,,,NegGrad+,0.024000000208616257,0.06000000610947609,0.02200000174343586,0.024000000208616257,0.024000000208616257,0.6929000020027161,0.062000004574656487,True
xlunl,NegGrad+,0,2,False,atypical,spontaneous,0.30000001192092896,0.736299991607666,0.9979794025421143,0.1806428,0.736299991607666,-0.43629997968673706,0.6387144,True,xaext|xlunl|NegGrad+|s0|d2,xl_extinction,xaext|xlunl|NegGrad+|s0|d2#9,False,1.4,retain_ft,update,5.0,False,,,,,NegGrad+,0.024000000208616257,0.2760000117123127,0.05000000074505806,0.024000000208616257,0.05400000140070915,0.5870000123977661,0.2500000111758709,True
xlunl,NegGrad+,1,1,False,atypical,spontaneous,0.06400000303983688,0.7361999750137329,0.9981822371482849,0.054504,0.7361999750137329,-0.672199971973896,0.890992,True,xaext|xlunl|NegGrad+|s1|d1,xl_extinction,xaext|xlunl|NegGrad+|s1|d1#9,False,1.4,retain_ft,update,5.0,False,,,,,NegGrad+,0.018000001087784767,0.046000001952052116,0.030000001192092896,0.018000001087784767,0.03800000250339508,0.693399965763092,0.03400000184774399,True
xlunl,NegGrad+,2,0,False,atypical,spontaneous,0.23800000548362732,0.7407000064849854,0.9975728392601013,0.1528072,0.7407000064849854,-0.502700001001358,0.6943855999999999,True,xaext|xlunl|NegGrad+|s2|d0,xl_extinction,xaext|xlunl|NegGrad+|s2|d0#9,False,1.4,retain_ft,update,5.0,False,,,,,NegGrad+,0.018000001087784767,0.22000000439584255,0.026000000536441803,0.018000001087784767,0.03200000151991844,0.5902999639511108,0.21200000494718552,True
xlunl,NegGrad+,2,2,False,atypical,spontaneous,0.0820000022649765,0.7324999570846558,0.9965663552284241,0.061708599999999995,0.7324999570846558,-0.6504999548196793,0.8765828,True,xaext|xlunl|NegGrad+|s2|d2,xl_extinction,xaext|xlunl|NegGrad+|s2|d2#9,False,1.4,retain_ft,update,5.0,False,,,,,NegGrad+,0.018000001087784767,0.06400000117719173,0.03400000184774399,0.018000001087784767,0.02800000086426735,0.6902999877929688,0.04800000041723251,True
xlunl,SCRUB,0,0,False,atypical,spontaneous,0.5540000200271606,0.748199999332428,0.9989885091781616,0.2814202,0.748199999332428,-0.19419997930526733,0.4371596,True,xaext|xlunl|SCRUB|s0|d0,xl_extinction,xaext|xlunl|SCRUB|s0|d0#9,False,1.4,retain_ft,update,5.0,False,,,,,SCRUB,0.5180000066757202,0.03600001335144043,0.02200000174343586,0.5180000066757202,0.024000000208616257,0.7439000010490417,0.5320000182837248,False
xlunl,SCRUB,0,2,False,atypical,spontaneous,0.5760000348091125,0.7461000084877014,0.9995958805084229,0.2715782,0.7461000084877014,-0.17009997367858887,0.4568436,True,xaext|xlunl|SCRUB|s0|d2,xl_extinction,xaext|xlunl|SCRUB|s0|d2#9,False,1.4,retain_ft,update,5.0,False,,,,,SCRUB,0.5360000133514404,0.04000002145767212,0.05000000074505806,0.5360000133514404,0.05400000140070915,0.7426999807357788,0.5260000340640545,False
xlunl,SCRUB,1,1,False,atypical,spontaneous,0.550000011920929,0.7488999962806702,1.0,0.27747079999999996,0.7488999962806702,-0.1988999843597412,0.4450584000000001,True,xaext|xlunl|SCRUB|s1|d1,xl_extinction,xaext|xlunl|SCRUB|s1|d1#9,False,1.4,retain_ft,update,5.0,False,,,,,SCRUB,0.49800002574920654,0.05199998617172241,0.030000001192092896,0.49800002574920654,0.03800000250339508,0.7482999563217163,0.5200000107288361,False
xlunl,SCRUB,2,0,False,atypical,spontaneous,0.562000036239624,0.7475999593734741,0.998988687992096,0.2861572,0.7475999593734741,-0.1855999231338501,0.4276856,True,xaext|xlunl|SCRUB|s2|d0,xl_extinction,xaext|xlunl|SCRUB|s2|d0#9,False,1.4,retain_ft,update,5.0,False,,,,,SCRUB,0.5180000066757202,0.04400002956390381,0.026000000536441803,0.5180000066757202,0.03200000151991844,0.7483999729156494,0.5360000357031822,False
xlunl,SCRUB,2,2,False,atypical,spontaneous,0.5460000038146973,0.7508999705314636,0.9989901185035706,0.2746702,0.7508999705314636,-0.20489996671676636,0.45065960000000005,True,xaext|xlunl|SCRUB|s2|d2,xl_extinction,xaext|xlunl|SCRUB|s2|d2#9,False,1.4,retain_ft,update,5.0,False,,,,,SCRUB,0.49000000953674316,0.0559999942779541,0.03400000184774399,0.49000000953674316,0.02800000086426735,0.7470999956130981,0.5120000019669533,False
xlunl,SalUn,1,2,False,atypical,spontaneous,0.6520000100135803,0.7436000108718872,0.9991917610168457,0.21183,0.7436000108718872,-0.09160000085830688,0.5763400000000001,True,xaext|xlunl|SalUn|s1|d2,xl_extinction,xaext|xlunl|SalUn|s1|d2#9,False,1.4,retain_ft,update,5.0,False,,,,,SalUn,0.21000000834465027,0.44200000166893005,0.03400000184774399,0.21000000834465027,0.02800000086426735,0.7400999665260315,0.6180000081658363,False
xlunl,SalUn,2,1,False,atypical,spontaneous,0.6200000047683716,0.7491999864578247,0.9989891052246094,0.20231159999999998,0.7491999864578247,-0.12919998168945312,0.5953768,True,xaext|xlunl|SalUn|s2|d1,xl_extinction,xaext|xlunl|SalUn|s2|d1#9,False,1.4,retain_ft,update,5.0,False,,,,,SalUn,0.1900000125169754,0.4299999922513962,0.030000001192092896,0.1900000125169754,0.026000000536441803,0.7422999739646912,0.5900000035762787,False
xlunl,RL,0,1,True,atypical,spontaneous,0.07400000095367432,0.7475999593734741,0.9993945956230164,0.0848264,0.7475999593734741,-0.6735999584197998,0.8303472000000001,True,xaext|xlunl|RL-long|s0|d1,xl_extinction,xaext|xlunl|RL-long|s0|d1#9,False,1.5,retain_ft,update,5.0,False,,,,,RL-long,0.058000002056360245,0.01599999889731407,0.03400000184774399,0.058000002056360245,0.03400000184774399,0.7490999698638916,0.03999999910593033,True
xlunl,RL,1,0,True,atypical,spontaneous,0.07600000500679016,0.7531999945640564,0.9997982382774353,0.0799276,0.7531999945640564,-0.6771999895572662,0.8401448,True,xaext|xlunl|RL-long|s1|d0,xl_extinction,xaext|xlunl|RL-long|s1|d0#9,False,1.5,retain_ft,update,5.0,False,,,,,RL-long,0.046000003814697266,0.030000001192092896,0.04200000315904617,0.046000003814697266,0.04000000283122063,0.7500999569892883,0.03400000184774399,True
xlunl,RL,1,2,True,atypical,spontaneous,0.1080000028014183,0.7501999735832214,0.9995958805084229,0.0811196,0.7501999735832214,-0.6421999707818031,0.8377608,True,xaext|xlunl|RL-long|s1|d2,xl_extinction,xaext|xlunl|RL-long|s1|d2#9,False,1.5,retain_ft,update,5.0,False,,,,,RL-long,0.058000002056360245,0.05000000074505806,0.03400000184774399,0.058000002056360245,0.030000001192092896,0.7497000098228455,0.07400000095367432,True
xlunl,RL,2,1,True,atypical,spontaneous,0.09400000423192978,0.7550999522209167,0.9991912841796875,0.0808928,0.7550999522209167,-0.661099947988987,0.8382144,True,xaext|xlunl|RL-long|s2|d1,xl_extinction,xaext|xlunl|RL-long|s2|d1#9,False,1.5,retain_ft,update,5.0,False,,,,,RL-long,0.05000000074505806,0.04400000348687172,0.030000001192092896,0.05000000074505806,0.026000000536441803,0.7551999688148499,0.06400000303983688,True
xlunl,SalUn,0,2,True,atypical,spontaneous,0.15800000727176666,0.7479999661445618,0.9997979402542114,0.0914912,0.7479999661445618,-0.5899999588727951,0.8170176,True,xaext|xlunl|SalUn-long|s0|d2,xl_extinction,xaext|xlunl|SalUn-long|s0|d2#9,False,1.5,retain_ft,update,5.0,False,,,,,SalUn-long,0.07200000435113907,0.0860000029206276,0.05000000074505806,0.07200000435113907,0.05400000140070915,0.7437999844551086,0.1080000065267086,True
xlunl,SalUn,1,1,True,atypical,spontaneous,0.21000000834465027,0.7493999600410461,0.9995960593223572,0.097495,0.7493999600410461,-0.5393999516963959,0.80501,True,xaext|xlunl|SalUn-long|s1|d1,xl_extinction,xaext|xlunl|SalUn-long|s1|d1#9,False,1.5,retain_ft,update,5.0,False,,,,,SalUn-long,0.07800000160932541,0.13200000673532486,0.030000001192092896,0.07800000160932541,0.03800000250339508,0.7472999691963196,0.18000000715255737,True
xlunl,RL,0,0,True,atypical,spontaneous,0.08400000631809235,0.7538999915122986,0.9995954036712646,0.0830236,0.7538999915122986,-0.6698999851942062,0.8339528,True,xaext|xlunl|RL-long|s0|d0,xl_extinction,xaext|xlunl|RL-long|s0|d0#9,False,1.5,retain_ft,update,5.0,False,,,,,RL-long,0.04000000283122063,0.04400000348687172,0.02200000174343586,0.03800000250339508,0.024000000208616257,0.7500999569892883,0.062000004574656487,True
xlunl,RL,0,2,True,atypical,spontaneous,0.07800000160932541,0.7497999668121338,0.9995958805084229,0.08199139999999999,0.7497999668121338,-0.6717999652028084,0.8360172,True,xaext|xlunl|RL-long|s0|d2,xl_extinction,xaext|xlunl|RL-long|s0|d2#9,False,1.5,retain_ft,update,5.0,False,,,,,RL-long,0.04200000315904617,0.035999998450279236,0.05000000074505806,0.04200000315904617,0.05400000140070915,0.7457000017166138,0.02800000086426735,True
xlunl,RL,1,1,True,atypical,spontaneous,0.10400000214576721,0.7545999884605408,1.0,0.0849674,0.7545999884605408,-0.6505999863147736,0.8300652,True,xaext|xlunl|RL-long|s1|d1,xl_extinction,xaext|xlunl|RL-long|s1|d1#9,False,1.5,retain_ft,update,5.0,False,,,,,RL-long,0.05400000140070915,0.05000000074505806,0.030000001192092896,0.05400000140070915,0.03800000250339508,0.7526999711990356,0.07400000095367432,True
xlunl,RL,2,0,True,atypical,spontaneous,0.09400000423192978,0.7558000087738037,0.998988687992096,0.0812382,0.7558000087738037,-0.6618000045418739,0.8375236,True,xaext|xlunl|RL-long|s2|d0,xl_extinction,xaext|xlunl|RL-long|s2|d0#9,False,1.5,retain_ft,update,5.0,False,,,,,RL-long,0.03800000250339508,0.0560000017285347,0.026000000536441803,0.03800000250339508,0.03200000151991844,0.7562999725341797,0.06800000369548798,True
xlunl,RL,2,2,True,atypical,spontaneous,0.07200000435113907,0.7470999956130981,0.9991921186447144,0.0846518,0.7470999956130981,-0.6750999912619591,0.8306964,True,xaext|xlunl|RL-long|s2|d2,xl_extinction,xaext|xlunl|RL-long|s2|d2#9,False,1.5,retain_ft,update,5.0,False,,,,,RL-long,0.036000002175569534,0.036000002175569534,0.03400000184774399,0.036000002175569534,0.02800000086426735,0.7534999847412109,0.03800000250339508,True
xlunl,SalUn,0,1,True,atypical,spontaneous,0.18000000715255737,0.7498999834060669,0.9993945956230164,0.0972102,0.7498999834060669,-0.5698999762535095,0.8055796,True,xaext|xlunl|SalUn-long|s0|d1,xl_extinction,xaext|xlunl|SalUn-long|s0|d1#9,False,1.5,retain_ft,update,5.0,False,,,,,SalUn-long,0.07600000500679016,0.10400000214576721,0.03400000184774399,0.07600000500679016,0.03400000184774399,0.7491999864578247,0.14600000530481339,True
xlunl,SalUn,1,0,True,atypical,spontaneous,0.17600001394748688,0.7515000104904175,0.9991930723190308,0.09434859999999999,0.7515000104904175,-0.5754999965429306,0.8113028,True,xaext|xlunl|SalUn-long|s1|d0,xl_extinction,xaext|xlunl|SalUn-long|s1|d0#9,False,1.5,retain_ft,update,5.0,False,,,,,SalUn-long,0.07000000029802322,0.10600001364946365,0.04200000315904617,0.07000000029802322,0.04000000283122063,0.7531999945640564,0.1340000107884407,True
