kind,method,bias_z,bias_z_orig,row_cos,row_norm_ratio,bias_restore_forget_acc,row_restore_forget_acc,shift_recall,shift_fpr
aba,FT,-2.9968313694000246,0.03219163591663043,0.9666636149088542,0.7680759827295939,0.0,0.10266666462024053,0.6766666531562805,0.05226936191320419
aba,NegGrad+,-14.709410031636557,0.03219163591663043,0.5396692792574564,2.49989808400472,0.0,0.0006666666517655055,0.0,0.028821549440423647
aba,RL,-8.851058514912923,0.03219163591663043,0.9693246920903523,0.9155900518099467,0.0,0.001333333303531011,0.8986666520436605,0.025387206176916758
aba,SCRUB,-9.92394143740336,0.03219163591663043,0.8060788194338481,1.2627492547035217,0.03733333225051562,0.34199999856452146,0.7366666515668233,0.036363637819886205
aba,SalUn,-4.8535046418507894,0.03219163591663043,0.9798964738845826,0.938726278146108,0.0,0.0,0.9039999842643738,0.023649831985433897
mctx,FT,-3.1385457515716553,0.03219163591663043,0.96535325050354,0.7647795597712199,0.0006666666517655055,0.2533333266774813,0.8766666412353515,0.06686868891119957
mctx,NegGrad+,-14.333056894938151,0.03219163591663043,0.515661503871282,2.54264866511027,0.0,0.0,0.001333333303531011,0.04874747668703397
mctx,RL,-9.212211100260417,0.03219163591663043,0.9648390690485636,0.895122214158376,0.0,0.0,0.953333310286204,0.03640404182175795
mctx,SCRUB,-13.750554466247559,0.03219163591663043,0.7363822142283122,1.3782123804092408,0.0,0.1693333278099696,0.7353333155314128,0.03505724022785823
mctx,SalUn,-4.923480908075969,0.03219163591663043,0.978617254892985,0.9238943974177043,0.0,0.0,0.931333315372467,0.027824916690587998
original,original,-0.1471424646753197,-0.1471424646753197,1.000000007947286,1.0,0.7336666504542033,0.7336666504542033,0.9723333060741425,0.06824916092058023
retrain,retrain,-1.5558655818303426,-0.1471424646753197,0.24675210217634838,0.12793679932753246,0.0,0.0,0.37599999209245044,0.2006599391500155
unl,FT,-2.3361577817371915,0.09308498706446872,0.983381313937051,0.7574012052445185,0.0009523809310935793,0.2871428503699246,0.9119047409012204,0.11817701089949835
unl,NegGrad+,-13.145184008280436,-0.1471424646753197,0.4988085796435674,2.940138840675354,0.0,0.0029999999329447745,0.004666666562358538,0.07499663544197878
unl,RL,-10.123251644770304,-0.1471424646753197,0.9502009908358257,0.8745692054430644,0.0,0.0,0.9623333056767781,0.08338384081919988
unl,SCRUB,-24.7880002339681,-0.1471424646753197,0.5117240776618321,2.0653406143188477,0.0,0.2783333267395695,0.665999980767568,0.03760269482930501
unl,SalUn,-5.208436671892802,-0.1471424646753197,0.969800720612208,0.9067295769850413,0.0,0.0,0.9569999794165294,0.056636365875601766
