source,context,severity,FT,NegGrad+,RL,SCRUB,SalUn,original,retrain
cifar100c,brightness,3.0,-0.01856179622042137,0.0,0.0,0.0,0.0,-0.002417507581412792,0.0
cifar100c,brightness,5.0,-0.11561326744170704,0.0,0.0,0.0,0.0,-0.035121207622190315,0.0
cifar100c,contrast,3.0,-0.23241942337647611,0.0,0.0,0.0,0.0,-0.12051851181313396,0.0
cifar100c,contrast,5.0,-0.4912361547186655,0.0,0.0,0.0,0.0,-0.6261851660783577,0.0
cifar100c,fog,3.0,-0.13893217208360079,0.0,0.0,0.0,0.0,-0.0577508349592487,0.0
cifar100c,fog,5.0,-0.354247221178195,0.0,0.0,0.0,0.0,-0.27424241149177153,0.0
cifar100c,gaussian_noise,3.0,-0.41596920113009955,0.0,0.0,0.0,0.0,-0.5108888783851095,0.0
cifar100c,gaussian_noise,5.0,-0.4597739136089721,0.0,0.0,0.0,0.0,-0.6351312987748922,0.0
cifar100c,jpeg_compression,3.0,-0.2851947934257277,0.0,0.0,0.0,0.0,-0.14725588814665874,0.0
cifar100c,jpeg_compression,5.0,-0.3307070579931384,0.0,0.0,0.0,0.0,-0.2121414073742926,0.0
cifar100c,motion_blur,3.0,-0.2665560270030428,0.0,0.0,0.0,0.0,-0.19128282251767814,0.0
cifar100c,motion_blur,5.0,-0.29819623490662445,0.0,0.0,0.0,0.0,-0.2625993193204825,0.0
synthetic,blur,0.0,-0.399523795791278,0.0,0.0,0.0,0.0,-0.46900335107323676,0.0
synthetic,contrast,0.0,-0.21574794279911744,0.0,0.0,0.0,0.0,-0.11666665859520435,0.0
synthetic,gray,0.0,-0.3469744941830868,0.0,0.0,0.0,0.0,-0.26783500591215365,0.0
synthetic,noise,0.0,-0.401649817297723,0.0,0.0,0.0,0.0,-0.5192962820986092,0.0
